f76bbc,127.0.0.1,GET,http://127.0.0.1:8000/users/34,1521034968,,404
2ef017,127.0.0.1,GET,http://127.0.0.1:8000/users/2,1521035304,,200
fa5a46,127.0.0.1,GET,http://127.0.0.1:8000/users/2,1521035552,,200
a9599b,127.0.0.1,GET,http://127.0.0.1:8000/places,1521035714,6d2574,200
6d2574,127.0.0.1,GET,http://127.0.0.1:8000/places,1521035714,,500
19a561,127.0.0.1,GET,http://127.0.0.1:8000/places,1521035735,15c33b,200
15c33b,127.0.0.1,GET,http://127.0.0.1:8000/places,1521035735,,500
5da310,127.0.0.1,GET,http://127.0.0.1:8000/places,1521035742,c03d86,200
c03d86,127.0.0.1,GET,http://127.0.0.1:8000/places,1521035742,,500
32978c,127.0.0.1,GET,http://127.0.0.1:8000/places,1521035779,1e489a,200
1e489a,127.0.0.1,GET,http://127.0.0.1:8000/places,1521035779,,500
8131b9,127.0.0.1,GET,http://127.0.0.1:8000/places,1521035797,7fe278,200
7fe278,127.0.0.1,GET,http://127.0.0.1:8000/places,1521035797,,500
6f1667,127.0.0.1,GET,http://127.0.0.1:8000/places,1521035838,,200
a09d97,127.0.0.1,GET,http://127.0.0.1:8000/places,1521035880,e0b052,200
e0b052,127.0.0.1,GET,http://127.0.0.1:8000/places,1521035880,,500
adce85,127.0.0.1,GET,http://127.0.0.1:8000/places,1521035886,,200
ba6dd0,127.0.0.1,GET,http://127.0.0.1:8000/places,1521035973,23b5e1,200
23b5e1,127.0.0.1,GET,http://127.0.0.1:8000/places,1521035973,,500
ca487d,127.0.0.1,GET,http://127.0.0.1:8000/places,1521036041,b5a6c1,200
b5a6c1,127.0.0.1,GET,http://127.0.0.1:8000/places,1521036041,,500
2f1d78,127.0.0.1,GET,http://127.0.0.1:8000/places,1521036074,3761b3,200
3761b3,127.0.0.1,GET,http://127.0.0.1:8000/places,1521036074,,500
e25227,127.0.0.1,GET,http://127.0.0.1:8000/places,1521036099,5f0e47,200
5f0e47,127.0.0.1,GET,http://127.0.0.1:8000/places,1521036099,,500
dc26d9,127.0.0.1,GET,http://127.0.0.1:8000/places,1521036165,a84c4a,200
a84c4a,127.0.0.1,GET,http://127.0.0.1:8000/places,1521036165,,500
0bc4dd,127.0.0.1,GET,http://127.0.0.1:8000/places,1521036178,3edc99,200
3edc99,127.0.0.1,GET,http://127.0.0.1:8000/places,1521036178,,500
470b96,127.0.0.1,GET,http://127.0.0.1:8000/places,1521036202,95575f,200
95575f,127.0.0.1,GET,http://127.0.0.1:8000/places,1521036202,,500
ff3467,127.0.0.1,GET,http://127.0.0.1:8000/places,1521036212,,200
cd3170,127.0.0.1,GET,http://127.0.0.1:8000/places,1521036236,c5e51e,200
c5e51e,127.0.0.1,GET,http://127.0.0.1:8000/places,1521036236,,500
4a6723,127.0.0.1,GET,http://127.0.0.1:8000/places,1521036244,,200
c44258,127.0.0.1,GET,http://127.0.0.1:8000/places,1521036287,a47e1c,200
a47e1c,127.0.0.1,GET,http://127.0.0.1:8000/places,1521036287,,500
a82a33,127.0.0.1,GET,http://127.0.0.1:8000/places,1521036294,,200
c1dfd7,127.0.0.1,GET,http://127.0.0.1:8000/places,1521036480,,200
6fa49d,127.0.0.1,GET,http://127.0.0.1:8000/places,1521036518,,200
f577b0,127.0.0.1,GET,http://127.0.0.1:8000/places/A,1521036521,0e6562,200
0e6562,127.0.0.1,GET,http://127.0.0.1:8000/places/A,1521036521,,500
272ad1,127.0.0.1,GET,http://127.0.0.1:8000/places/1,1521036524,4702ce,200
4702ce,127.0.0.1,GET,http://127.0.0.1:8000/places/1,1521036524,,500
cca76e,127.0.0.1,GET,http://127.0.0.1:8000/places/1,1521036532,,200
8d83e5,127.0.0.1,GET,http://127.0.0.1:8000/places/A,1521036535,,404
ba735f,127.0.0.1,GET,http://127.0.0.1:8000/places/,1521036541,f5e8d1,200
f5e8d1,127.0.0.1,GET,http://127.0.0.1:8000/places/,1521036541,,404
e3d2d2,127.0.0.1,GET,http://127.0.0.1:8000/places/4,1521036545,,404
a4b791,127.0.0.1,GET,http://127.0.0.1:8000/users,1521036587,,200
da80fc,127.0.0.1,GET,http://127.0.0.1:8000/users/3,1521036590,,404
b220ac,127.0.0.1,GET,http://127.0.0.1:8000/users,1521036593,,200
8d5a34,127.0.0.1,POST,http://127.0.0.1:8000/places,1521037929,,200
7bc132,127.0.0.1,POST,http://127.0.0.1:8000/places,1521037933,,200
dead05,127.0.0.1,POST,http://127.0.0.1:8000/places,1521038026,,200
c0494b,127.0.0.1,POST,http://127.0.0.1:8000/places,1521038063,,200
803ca6,127.0.0.1,POST,http://127.0.0.1:8000/places,1521038098,,200
1485ac,127.0.0.1,POST,http://127.0.0.1:8000/places,1521038101,,200
64977e,127.0.0.1,GET,http://127.0.0.1:8000/places,1521038131,24e036,200
24e036,127.0.0.1,POST,http://127.0.0.1:8000/places,1521038131,,500
72c940,127.0.0.1,GET,http://127.0.0.1:8000/places,1521038192,5a3a9d,200
5a3a9d,127.0.0.1,POST,http://127.0.0.1:8000/places,1521038192,,500
42787a,127.0.0.1,POST,http://127.0.0.1:8000/places,1521038203,,200
9aeab1,127.0.0.1,POST,http://127.0.0.1:8000/places,1521038208,,200
3aaae5,127.0.0.1,GET,http://127.0.0.1:8000/places,1521038221,,200
f901c4,127.0.0.1,POST,http://127.0.0.1:8000/places,1521038252,,200
10060b,127.0.0.1,GET,http://127.0.0.1:8000/places,1521038255,,200
cb9ada,127.0.0.1,GET,http://127.0.0.1:8000/places,1521038732,718077,200
718077,127.0.0.1,POST,http://127.0.0.1:8000/places,1521038732,,500
cd43dc,127.0.0.1,GET,http://127.0.0.1:8000/places,1521038749,415fb6,200
415fb6,127.0.0.1,POST,http://127.0.0.1:8000/places,1521038749,,500
c74659,127.0.0.1,GET,http://127.0.0.1:8000/places,1521038778,37cdab,200
37cdab,127.0.0.1,POST,http://127.0.0.1:8000/places,1521038778,,500
425ed5,127.0.0.1,GET,http://127.0.0.1:8000/places,1521038846,3ba232,200
3ba232,127.0.0.1,POST,http://127.0.0.1:8000/places,1521038846,,500
d31ad5,127.0.0.1,GET,http://127.0.0.1:8000/places,1521038868,880c23,200
880c23,127.0.0.1,POST,http://127.0.0.1:8000/places,1521038868,,500
1b61e0,127.0.0.1,POST,http://127.0.0.1:8000/places,1521038898,,400
54377f,127.0.0.1,POST,http://127.0.0.1:8000/places,1521038903,,400
1d3be4,127.0.0.1,POST,http://127.0.0.1:8000/places,1521038906,,200
e2980e,127.0.0.1,POST,http://127.0.0.1:8000/places,1521038908,,400
83da1f,127.0.0.1,POST,http://127.0.0.1:8000/places,1521038909,,400
924a19,127.0.0.1,GET,http://127.0.0.1:8000/places,1521038912,,200
fa6ff8,127.0.0.1,GET,http://127.0.0.1:8000/user,1521039108,d3b30d,200
d3b30d,127.0.0.1,POST,http://127.0.0.1:8000/user,1521039108,,404
d53ed8,127.0.0.1,GET,http://127.0.0.1:8000/user,1521039112,25ba65,200
25ba65,127.0.0.1,POST,http://127.0.0.1:8000/user,1521039112,,404
586da0,127.0.0.1,GET,http://127.0.0.1:8000/user,1521039116,6a14b3,200
6a14b3,127.0.0.1,GET,http://127.0.0.1:8000/user,1521039116,,404
f1efb2,127.0.0.1,GET,http://127.0.0.1:8000/users,1521039123,,200
607c9e,127.0.0.1,GET,http://127.0.0.1:8000/users,1521039151,432aa3,200
432aa3,127.0.0.1,POST,http://127.0.0.1:8000/users,1521039151,,500
fbb09d,127.0.0.1,GET,http://127.0.0.1:8000/users,1521039170,5b9e98,200
5b9e98,127.0.0.1,POST,http://127.0.0.1:8000/users,1521039170,,500
7d1edb,127.0.0.1,POST,http://127.0.0.1:8000/users,1521039189,,201
0bfc21,127.0.0.1,POST,http://127.0.0.1:8000/users,1521039192,,400
b642f9,127.0.0.1,POST,http://127.0.0.1:8000/users,1521039197,,201
964e44,127.0.0.1,POST,http://127.0.0.1:8000/users,1521039199,,400
42d1ba,127.0.0.1,GET,http://127.0.0.1:8000/users,1521039205,,200
1020ba,127.0.0.1,GET,http://127.0.0.1:8000/places/4,1521039435,aac16e,200
aac16e,127.0.0.1,DELETE,http://127.0.0.1:8000/places/4,1521039435,,500
dd95a6,127.0.0.1,DELETE,http://127.0.0.1:8000/places/4,1521039445,,204
cc0d43,127.0.0.1,GET,http://127.0.0.1:8000/places,1521039451,,200
c7febc,127.0.0.1,DELETE,http://127.0.0.1:8000/places/3,1521039470,,204
a06550,127.0.0.1,GET,http://127.0.0.1:8000/places,1521039473,,200
1512ed,127.0.0.1,GET,http://127.0.0.1:8000/places,1521039475,,200
408306,127.0.0.1,DELETE,http://127.0.0.1:8000/places/3,1521039477,,204
b4efb9,127.0.0.1,GET,http://127.0.0.1:8000/places,1521039480,,200
3595e6,127.0.0.1,GET,http://127.0.0.1:8000/places,1521039481,,200
820d4a,127.0.0.1,GET,http://127.0.0.1:8000/users,1521039521,,200
45c558,127.0.0.1,GET,http://127.0.0.1:8000/users,1521039522,,200
36a3fc,127.0.0.1,GET,http://127.0.0.1:8000/users,1521039522,,200
4c2ad8,127.0.0.1,GET,http://127.0.0.1:8000/users,1521039523,,200
a2f2e5,127.0.0.1,DELETE,http://127.0.0.1:8000/users/3,1521039530,,204
d96a37,127.0.0.1,DELETE,http://127.0.0.1:8000/users/3,1521039534,,204
8d903b,127.0.0.1,GET,http://127.0.0.1:8000/users/3,1521039536,,404
de0f08,127.0.0.1,GET,http://127.0.0.1:8000/users,1521039540,,200
0d1711,::1,GET,http://localhost/net_api/web/app_dev.php/,1521205526,,200
f0c751,::1,GET,http://localhost/net_api/web/app_dev.php/users,1521205533,,200
34f283,::1,GET,http://localhost/net_api/web/app_dev.php/users,1521205542,,200
